{
	"system" : {
		"platform" : "windows64",
		"os_name" : "Windows 10",
		"os_version" : "10.0"
	},
	"error" : {
		"executable" : "quartus",
		"comment" : "not_applicable",
		"error_message" : "Access Violation at 0X0000000070AD9016",
		"source_file" : "unknown",
		"line" : "0",
		"stack_trace" : "\t 0x70ad9015: QtGui4 + 0x3a9015 (?qt_metacast@QMdiArea@@UEAAPEAXPEBD@Z + 0x475)\n\t 0x70ada110: QtGui4 + 0x3aa110 (?resizeEvent@QMdiArea@@MEAAXPEAVQResizeEvent@@@Z + 0x240)\n\t 0x707921fd: QtGui4 + 0x621fd (?event@QWidget@@MEAA_NPEAVQEvent@@@Z + 0x50d)\n\t 0x70ab54e6: QtGui4 + 0x3854e6 (?event@QFrame@@MEAA_NPEAVQEvent@@@Z + 0x36)\n\t 0x70550552: QtCore4 + 0x110552 (?sendThroughObjectEventFilters@QCoreApplicationPrivate@@QEAA_NPEAVQObject@@PEAVQEvent@@@Z + 0x82)\n\t 0x70752f81: QtGui4 + 0x22f81 (?notify_helper@QApplicationPrivate@@QEAA_NPEAVQObject@@PEAVQEvent@@@Z + 0xe1)\n\t 0x70752c2f: QtGui4 + 0x22c2f (?notify@QApplication@@UEAA_NPEAVQObject@@PEAVQEvent@@@Z + 0x17bf)\n\t 0x7054e67b: QtCore4 + 0x10e67b (?notifyInternal@QCoreApplication@@AEAA_NPEAVQObject@@PEAVQEvent@@@Z + 0x7b)\n\t 0x707c9bed: QtGui4 + 0x99bed (?setGeometry_sys@QWidgetPrivate@@QEAAXHHHH_N@Z + 0xa7d)\n\t 0x7079d8e0: QtGui4 + 0x6d8e0 (?setGeometry@QWidget@@QEAAXAEBVQRect@@@Z + 0xb0)\n\t 0x70b27000: QtGui4 + 0x3f7000 (?layoutChildren@QAbstractScrollAreaPrivate@@QEAAXXZ + 0x5e0)\n\t 0x70adc7a7: QtGui4 + 0x3ac7a7 (?trUtf8@QMdiArea@@SA?AVQString@@PEBD0H@Z + 0x947)\n\t 0x70adbedf: QtGui4 + 0x3abedf (?trUtf8@QMdiArea@@SA?AVQString@@PEBD0H@Z + 0x7f)\n\t 0x70adc9ea: QtGui4 + 0x3ac9ea (?viewportEvent@QMdiArea@@MEAA_NPEAVQEvent@@@Z + 0x17a)\n\t 0x70550552: QtCore4 + 0x110552 (?sendThroughObjectEventFilters@QCoreApplicationPrivate@@QEAA_NPEAVQObject@@PEAVQEvent@@@Z + 0x82)\n\t 0x70752f81: QtGui4 + 0x22f81 (?notify_helper@QApplicationPrivate@@QEAA_NPEAVQObject@@PEAVQEvent@@@Z + 0xe1)\n\t 0x70752c2f: QtGui4 + 0x22c2f (?notify@QApplication@@UEAA_NPEAVQObject@@PEAVQEvent@@@Z + 0x17bf)\n\t 0x7054e67b: QtCore4 + 0x10e67b (?notifyInternal@QCoreApplication@@AEAA_NPEAVQObject@@PEAVQEvent@@@Z + 0x7b)\n\t 0x70ade3f1: QtGui4 + 0x3ae3f1 (?closeEvent@QMdiSubWindow@@MEAAXPEAVQCloseEvent@@@Z + 0xa1)\n\t0x7ffd596ce342: SYS_QUI + 0x3e342 (?closeEvent@QUI_MDI_SUB_WND@@MEAAXPEAVQCloseEvent@@@Z + 0x182)\n\t 0x70792211: QtGui4 + 0x62211 (?event@QWidget@@MEAA_NPEAVQEvent@@@Z + 0x521)\n\t 0x70752f95: QtGui4 + 0x22f95 (?notify_helper@QApplicationPrivate@@QEAA_NPEAVQObject@@PEAVQEvent@@@Z + 0xf5)\n\t 0x70752c2f: QtGui4 + 0x22c2f (?notify@QApplication@@UEAA_NPEAVQObject@@PEAVQEvent@@@Z + 0x17bf)\n\t 0x7054e67b: QtCore4 + 0x10e67b (?notifyInternal@QCoreApplication@@AEAA_NPEAVQObject@@PEAVQEvent@@@Z + 0x7b)\n\t 0x7078f920: QtGui4 + 0x5f920 (?close_helper@QWidgetPrivate@@QEAA_NW4CloseMode@1@@Z + 0xb0)\n\t0x7ffd596b4997: SYS_QUI + 0x24997 (?close_all_in_list@QUI_FRAME_WND@@IEAA_NV?$QList@PEAVQMdiSubWindow@@@@PEAVQMdiSubWindow@@U_GUID@@@Z + 0x227)\n\t0x7ffd596b4aef: SYS_QUI + 0x24aef (?close_all_windows@QUI_FRAME_WND@@QEAA_NU_GUID@@@Z + 0xff)\n\t0x7ffd596b466f: SYS_QUI + 0x2466f (?closeEvent@QUI_FRAME_WND@@MEAAXPEAVQCloseEvent@@@Z + 0x1ef)\n\t 0x70792211: QtGui4 + 0x62211 (?event@QWidget@@MEAA_NPEAVQEvent@@@Z + 0x521)\n\t 0x70accbc0: QtGui4 + 0x39cbc0 (?event@QMainWindow@@MEAA_NPEAVQEvent@@@Z + 0x280)\n\t 0x70752f95: QtGui4 + 0x22f95 (?notify_helper@QApplicationPrivate@@QEAA_NPEAVQObject@@PEAVQEvent@@@Z + 0xf5)\n\t 0x70752c2f: QtGui4 + 0x22c2f (?notify@QApplication@@UEAA_NPEAVQObject@@PEAVQEvent@@@Z + 0x17bf)\n\t 0x7054e67b: QtCore4 + 0x10e67b (?notifyInternal@QCoreApplication@@AEAA_NPEAVQObject@@PEAVQEvent@@@Z + 0x7b)\n\t 0x7078f918: QtGui4 + 0x5f918 (?close_helper@QWidgetPrivate@@QEAA_NW4CloseMode@1@@Z + 0xa8)\n\t 0x707b8c06: QtGui4 + 0x88c06 (?winMouseButtonUp@QApplication@@SAXXZ + 0x1006)\n\t0x7ffda947d158: USER32 + 0xd158 (CallWindowProcW + 0x588)\n\t0x7ffda947c74b: USER32 + 0xc74b (IsWindowVisible + 0x13b)\n\t0x7ffda94abb72: USER32 + 0x3bb72 (SetClassLongPtrA + 0x2d2)\n\t0x7ffdab805b23: ntdll + 0x165b23 (KiUserCallbackDispatcher + 0x23)\n\t0x7ffda8e51343: win32u + 0x1343 (NtUserMessageCall + 0x13)\n\t0x7ffda947ebea: USER32 + 0xebea (GetPropW + 0x2ea)\n\t0x7ffda947eada: USER32 + 0xeada (GetPropW + 0x1da)\n\t0x7ffda518da8c: uxtheme + 0xda8c (OpenThemeData + 0x232c)\n\t0x7ffda51c6e19: uxtheme + 0x46e19 (GetThemeStream + 0x3e9)\n\t0x7ffda518f8de: uxtheme + 0xf8de (OpenThemeData + 0x417e)\n\t0x7ffda518f170: uxtheme + 0xf170 (OpenThemeData + 0x3a10)\n\t0x7ffda9480694: USER32 + 0x10694 (GetWindowTextLengthW + 0x424)\n\t 0x70c2f0f7: QtGui4 + 0x4ff0f7 (?widgetDestroyed@QInputContext@@UEAAXPEAVQWidget@@@Z + 0x307)\n\t 0x707b8bc5: QtGui4 + 0x88bc5 (?winMouseButtonUp@QApplication@@SAXXZ + 0xfc5)\n\t0x7ffda947d158: USER32 + 0xd158 (CallWindowProcW + 0x588)\n\t0x7ffda947c74b: USER32 + 0xc74b (IsWindowVisible + 0x13b)\n\t0x7ffda94abb72: USER32 + 0x3bb72 (SetClassLongPtrA + 0x2d2)\n\t0x7ffdab805b23: ntdll + 0x165b23 (KiUserCallbackDispatcher + 0x23)\n\t0x7ffda8e512c3: win32u + 0x12c3 (NtUserPeekMessage + 0x13)\n\t0x7ffda947a4ae: USER32 + 0xa4ae (PeekMessageW + 0x1de)\n\t0x7ffda947a437: USER32 + 0xa437 (PeekMessageW + 0x167)\n\t 0x705737e3: QtCore4 + 0x1337e3 (?processEvents@QEventDispatcherWin32@@UEAA_NV?$QFlags@W4ProcessEventsFlag@QEventLoop@@@@@Z + 0x243)\n\t 0x707b2074: QtGui4 + 0x82074 (?openPopup@QApplicationPrivate@@QEAAXPEAVQWidget@@@Z + 0x204)\n\t 0x7054b5db: QtCore4 + 0x10b5db (?exec@QEventLoop@@QEAAHV?$QFlags@W4ProcessEventsFlag@QEventLoop@@@@@Z + 0x22b)\n\t 0x7054dbbf: QtCore4 + 0x10dbbf (?exec@QCoreApplication@@SAHXZ + 0xdf)\n\t0x7ff74a21198b: quartus + 0x198b (?qgq_main@@YAHHPEAPEBD@Z + 0x8b)\n\t0x7ffd81623258: CCL_MSG + 0x13258 (?msg_main_thread@@YAPEAXPEAX@Z + 0x18)\n\t0x7ffd81624a5e: CCL_MSG + 0x14a5e (?msg_thread_wrapper@@YAPEAXP6APEAXPEAX@Z0@Z + 0x6e)\n\t0x7ffd81736af0: ccl_mem + 0x16af0 (?mem_thread_wrapper@@YAPEAXP6APEAXPEAX@Z0@Z + 0x70)\n\t0x7ffd81622af1: CCL_MSG + 0x12af1 (?msg_exe_main@@YAHHPEAPEBDP6AHH0@Z@Z + 0xa1)\n\t0x7ff74a212777: quartus + 0x2777 (WinMain + 0x127)\n\t0x7ff74a211f40: quartus + 0x1f40 (__tmainCRTStartup + 0x148)\n\t0x7ffda97fe8d6: KERNEL32 + 0x2e8d6 (BaseThreadInitThunk + 0x16)\n\t0x7ffdab6dc34b: ntdll + 0x3c34b (RtlUserThreadStart + 0x2b)\n",
		"subsystem" : "unknown"
	},
	"quartus" : {
		"quartus_bits" : "64",
		"version" : "20.1.1",
		"build" : "720",
		"edition" : "Lite Edition"
	}
}