{
	"partitions" : [
		{
			"name" : "Top",
			"pins" : [
				{
					"name" : "Out1[0]",
					"strict" : false
				},
				{
					"name" : "Out1[1]",
					"strict" : false
				},
				{
					"name" : "Out1[2]",
					"strict" : false
				},
				{
					"name" : "Out1[3]",
					"strict" : false
				},
				{
					"name" : "Out1[4]",
					"strict" : false
				},
				{
					"name" : "Out1[5]",
					"strict" : false
				},
				{
					"name" : "Out1[6]",
					"strict" : false
				},
				{
					"name" : "Out1[7]",
					"strict" : false
				},
				{
					"name" : "L",
					"strict" : false
				},
				{
					"name" : "A[0]",
					"strict" : false
				},
				{
					"name" : "A[7]",
					"strict" : false
				},
				{
					"name" : "A[4]",
					"strict" : false
				},
				{
					"name" : "A[3]",
					"strict" : false
				},
				{
					"name" : "B[2]",
					"strict" : false
				},
				{
					"name" : "A[2]",
					"strict" : false
				},
				{
					"name" : "A[5]",
					"strict" : false
				},
				{
					"name" : "A[6]",
					"strict" : false
				},
				{
					"name" : "A[1]",
					"strict" : false
				},
				{
					"name" : "B[1]",
					"strict" : false
				},
				{
					"name" : "B[0]",
					"strict" : false
				}
			]
		}
	]
}